Rank,Player,Years,PTS,GP,G,A,+/-,PS,PIM,SH,GWG,Player URL
1,Wayne Gretzky,1979-99,2857,1487,894,1963,520,251.0,577,5088,91,https://www.hockey-reference.com/players/g/gretzwa01.html
2,Jaromír Jágr,1990-18,1921,1733,766,1155,322,217.1,1167,5637,135,https://www.hockey-reference.com/players/j/jagrja01.html
3,Mark Messier,1979-04,1887,1756,694,1193,211,160.4,1912,4221,92,https://www.hockey-reference.com/players/m/messima01.html
4,Gordie Howe,1946-80,1850,1767,801,1049,160,217.1,1685,3803,121,https://www.hockey-reference.com/players/h/howego01.html
5,Ron Francis,1981-04,1798,1731,549,1249,-18,149.3,977,3756,79,https://www.hockey-reference.com/players/f/francro01.html
6,Marcel Dionne,1971-89,1771,1348,731,1040,27,155.5,600,5363,73,https://www.hockey-reference.com/players/d/dionnma01.html
7,Steve Yzerman,1983-06,1755,1514,692,1063,184,166.6,924,4602,94,https://www.hockey-reference.com/players/y/yzermst01.html
8,Mario Lemieux,1984-06,1723,915,690,1033,114,167.9,834,3633,74,https://www.hockey-reference.com/players/l/lemiema01.html
9,Joe Sakic,1988-09,1641,1378,625,1016,30,167.8,614,4621,86,https://www.hockey-reference.com/players/s/sakicjo01.html
10,Phil Esposito,1963-81,1590,1282,717,873,252,163.7,910,5166,118,https://www.hockey-reference.com/players/e/esposph01.html
11,Ray Bourque,1979-01,1579,1612,410,1169,527,242.7,1141,6209,60,https://www.hockey-reference.com/players/b/bourqra01.html
12,Joe Thornton,1997-22,1539,1714,430,1109,182,163.1,1272,3068,68,https://www.hockey-reference.com/players/t/thornjo01.html
13,Mark Recchi,1988-11,1533,1652,577,956,0,147.5,1033,3820,91,https://www.hockey-reference.com/players/r/recchma01.html
14,Paul Coffey,1980-01,1531,1409,396,1135,298,185.7,1802,4389,43,https://www.hockey-reference.com/players/c/coffepa01.html
15,Sidney Crosby,2005-24,1529,1216,565,964,221,183.6,797,3893,88,https://www.hockey-reference.com/players/c/crosbsi01.html
16,Alex Ovechkin,2005-24,1501,1372,827,674,65,198.6,803,6445,124,https://www.hockey-reference.com/players/o/ovechal01.html
17,Stan Mikita,1958-80,1467,1396,541,926,329,143.5,1264,4482,84,https://www.hockey-reference.com/players/m/mikitst01.html
18,Teemu Selänne,1992-14,1457,1451,684,773,95,172.3,660,4540,110,https://www.hockey-reference.com/players/s/selante01.html
19,Bryan Trottier,1975-94,1425,1279,524,901,449,120.2,912,2841,69,https://www.hockey-reference.com/players/t/trottbr01.html
20,Adam Oates,1985-04,1420,1337,341,1079,33,117.0,415,2392,56,https://www.hockey-reference.com/players/o/oatesad01.html
21,Doug Gilmour,1983-03,1414,1474,450,964,129,118.6,1301,2834,56,https://www.hockey-reference.com/players/g/gilmodo01.html
22,Dale Hawerchuk,1981-97,1409,1188,518,891,-98,112.0,740,3754,49,https://www.hockey-reference.com/players/h/hawerda01.html
23,Jari Kurri,1980-98,1398,1251,601,797,304,117.4,545,3149,72,https://www.hockey-reference.com/players/k/kurrija01.html
24,Luc Robitaille,1986-06,1394,1431,668,726,71,138.6,1177,3961,89,https://www.hockey-reference.com/players/r/robitlu01.html
25,Brett Hull,1986-06,1391,1269,741,650,23,154.6,458,4876,110,https://www.hockey-reference.com/players/h/hullbr01.html
26,Mike Modano,1989-11,1374,1499,561,813,114,144.9,926,4273,92,https://www.hockey-reference.com/players/m/modanmi01.html
27,Johnny Bucyk,1955-78,1369,1540,556,813,-7,122.4,493,3087,92,https://www.hockey-reference.com/players/b/bucykjo01.html
28,Brendan Shanahan,1987-09,1354,1524,656,698,151,148.0,2489,5086,109,https://www.hockey-reference.com/players/s/shanabr01.html
29,Guy Lafleur,1971-91,1353,1126,560,793,446,130.5,399,3516,98,https://www.hockey-reference.com/players/l/laflegu01.html
30,Mats Sundin,1990-09,1349,1346,564,785,73,144.4,1093,4015,96,https://www.hockey-reference.com/players/s/sundima01.html
31,Dave Andreychuk,1982-06,1338,1639,640,698,32,124.4,1121,4556,77,https://www.hockey-reference.com/players/a/andreda01.html
32,Denis Savard,1980-97,1338,1196,473,865,103,105.2,1336,3142,56,https://www.hockey-reference.com/players/s/savarde01.html
33,Mike Gartner,1979-98,1335,1432,708,627,68,121.8,1159,5090,90,https://www.hockey-reference.com/players/g/gartnmi01.html
34,Pierre Turgeon,1987-07,1327,1294,515,812,139,134.3,452,3154,86,https://www.hockey-reference.com/players/t/turgepi01.html
35,Gilbert Perreault,1970-87,1326,1191,512,814,41,113.3,500,3077,81,https://www.hockey-reference.com/players/p/perregi01.html
36,Jarome Iginla,1996-17,1300,1554,625,675,30,157.9,1040,4759,101,https://www.hockey-reference.com/players/i/iginlja01.html
37,Alex Delvecchio,1950-74,1281,1550,456,825,24,123.5,383,3129,75,https://www.hockey-reference.com/players/d/delveal01.html
38,Al MacInnis,1981-04,1274,1416,340,934,371,195.0,1511,5157,44,https://www.hockey-reference.com/players/m/macinal01.html
39,Jean Ratelle,1960-81,1267,1280,491,776,236,118.9,276,2916,68,https://www.hockey-reference.com/players/r/ratelje01.html
40,Evgeni Malkin,2006-24,1251,1089,481,770,46,146.9,1110,3552,83,https://www.hockey-reference.com/players/m/malkiev01.html
41,Peter Šťastný,1980-95,1239,977,450,789,-15,94.1,824,2374,54,https://www.hockey-reference.com/players/s/stastpe01.html
42,Patrick Kane,2007-24,1238,1182,452,786,18,138.3,426,3921,68,https://www.hockey-reference.com/players/k/kanepa01.html
43,Phil Housley,1982-03,1232,1495,338,894,-53,170.7,822,3808,49,https://www.hockey-reference.com/players/h/houslph01.html
44,Norm Ullman,1955-75,1229,1410,490,739,7,118.4,710,3426,59,https://www.hockey-reference.com/players/u/ullmano01.html
45,Jean Béliveau,1950-71,1219,1125,507,712,117,138.1,1033,2627,83,https://www.hockey-reference.com/players/b/belivje01.html
46,Larry Murphy,1980-01,1217,1615,288,929,197,176.8,1084,3604,36,https://www.hockey-reference.com/players/m/murphla01.html
47,Jeremy Roenick,1988-09,1216,1363,513,703,153,125.8,1463,3281,92,https://www.hockey-reference.com/players/r/roenije01.html
48,Bobby Clarke,1969-84,1210,1144,358,852,507,106.1,1453,2582,38,https://www.hockey-reference.com/players/c/clarkbo01.html
49,Bernie Nicholls,1981-99,1209,1127,475,734,-39,96.8,1292,3231,35,https://www.hockey-reference.com/players/n/nichobe01.html
50,Vincent Damphousse,1986-04,1205,1378,432,773,7,105.4,1188,3511,78,https://www.hockey-reference.com/players/d/damphvi01.html
51,Dino Ciccarelli,1980-99,1200,1232,608,592,-4,105.8,1425,3706,73,https://www.hockey-reference.com/players/c/ciccadi01.html
52,Patrick Marleau,1997-21,1197,1779,566,631,-27,133.8,527,4333,109,https://www.hockey-reference.com/players/m/marlepa01.html
53,Rod Brind'Amour,1989-10,1184,1484,452,732,-39,105.7,1100,3290,67,https://www.hockey-reference.com/players/b/brindro01.html
54,Sergei Fedorov,1990-09,1179,1248,483,696,261,125.6,839,3985,93,https://www.hockey-reference.com/players/f/fedorse01.html
55,Bobby Hull,1957-80,1170,1063,610,560,249,136.3,634,4577,98,https://www.hockey-reference.com/players/h/hullbo01.html
56,Anže Kopitar,2006-24,1166,1317,403,763,95,127.5,328,3149,68,https://www.hockey-reference.com/players/k/kopitan01.html
57,Daniel Alfredsson,1995-14,1157,1246,444,713,155,133.6,510,3471,73,https://www.hockey-reference.com/players/a/alfreda01.html
58,Michel Goulet,1979-94,1153,1089,548,605,99,96.9,825,3145,63,https://www.hockey-reference.com/players/g/goulemi01.html
59,Nicklas Lidström,1991-12,1142,1564,264,878,450,211.8,514,3875,35,https://www.hockey-reference.com/players/l/lidstni01.html
60,Marián Hossa,1997-17,1134,1309,525,609,245,144.2,628,4229,85,https://www.hockey-reference.com/players/h/hossama01.html
61,Bernie Federko,1976-90,1130,1000,369,761,-131,79.8,487,2074,40,https://www.hockey-reference.com/players/f/federbe01.html
62,Mike Bossy,1977-87,1126,752,573,553,380,110.9,210,2709,80,https://www.hockey-reference.com/players/b/bossymi01.html
63,Joe Nieuwendyk,1986-07,1126,1257,564,562,155,120.0,677,3242,93,https://www.hockey-reference.com/players/n/nieuwjo01.html
64,Darryl Sittler,1970-85,1121,1096,484,637,57,95.9,948,3815,57,https://www.hockey-reference.com/players/s/sittlda01.html
65,Frank Mahovlich,1956-74,1103,1181,533,570,266,121.7,1054,3366,82,https://www.hockey-reference.com/players/m/mahovfr01.html
66,Glenn Anderson,1980-96,1099,1129,498,601,201,88.1,1120,3109,85,https://www.hockey-reference.com/players/a/andergl01.html
67,Theo Fleury,1988-03,1088,1084,455,633,145,110.3,1840,3611,67,https://www.hockey-reference.com/players/f/fleurth01.html
68,Steven Stamkos,2008-24,1082,1029,525,557,52,135.9,611,3148,79,https://www.hockey-reference.com/players/s/stamkst01.html
69,Henrik Sedin,2000-18,1070,1330,240,830,165,108.6,680,1856,38,https://www.hockey-reference.com/players/s/sedinhe01.html
70,Dave Taylor,1977-94,1069,1111,431,638,186,84.5,1589,2417,47,https://www.hockey-reference.com/players/t/tayloda01.html
71,Keith Tkachuk,1991-10,1065,1201,538,527,33,125.1,2219,3530,72,https://www.hockey-reference.com/players/t/tkachke01.html
72,Ray Whitney,1991-14,1064,1330,385,679,-79,108.0,465,3040,45,https://www.hockey-reference.com/players/w/whitnra01.html
73,Joe Mullen,1981-97,1063,1062,502,561,167,91.2,241,2787,73,https://www.hockey-reference.com/players/m/mullejo01.html
74,Eric Staal,2003-23,1063,1365,455,608,-83,115.2,854,4041,72,https://www.hockey-reference.com/players/s/staaler01.html
75,Pat Verbeek,1982-02,1062,1424,522,540,-46,94.7,2905,3285,67,https://www.hockey-reference.com/players/v/verbepa01.html
76,Denis Potvin,1973-88,1052,1060,310,742,456,160.7,1356,3050,44,https://www.hockey-reference.com/players/p/potvide01.html
77,Henri Richard,1955-75,1046,1258,358,688,243,98.7,932,3199,53,https://www.hockey-reference.com/players/r/richahe01.html
78,Daniel Sedin,2000-18,1041,1306,393,648,147,123.1,546,3474,86,https://www.hockey-reference.com/players/s/sedinda01.html
79,Patrice Bergeron,2003-23,1040,1294,427,613,289,125.5,494,3974,81,https://www.hockey-reference.com/players/b/bergepa01.html
80,Bobby Smith,1978-93,1036,1077,357,679,-8,75.1,919,2706,51,https://www.hockey-reference.com/players/s/smithbo01.html
81,Nicklas Bäckström,2007-24,1033,1105,271,762,83,104.9,504,2264,39,https://www.hockey-reference.com/players/b/backsni02.html
82,Martin St. Louis,1998-15,1033,1134,391,642,37,114.8,310,2884,66,https://www.hockey-reference.com/players/s/stlouma01.html
83,Doug Weight,1991-11,1033,1238,278,755,-58,89.9,970,2655,34,https://www.hockey-reference.com/players/w/weighdo01.html
84,Alexander Mogilny,1989-06,1032,990,473,559,81,111.5,432,2966,66,https://www.hockey-reference.com/players/m/mogilal01.html
85,Alex Kovalev,1992-13,1029,1316,430,599,-31,103.1,1304,3585,70,https://www.hockey-reference.com/players/k/kovalal01.html
86,Brian Leetch,1987-06,1028,1205,247,781,25,146.6,571,3640,38,https://www.hockey-reference.com/players/l/leetcbr01.html
87,Joe Pavelski,2006-24,1026,1276,460,566,186,125.8,442,3572,73,https://www.hockey-reference.com/players/p/paveljo01.html
88,Patrik Eliáš,1995-16,1025,1240,408,617,172,124.7,549,3287,80,https://www.hockey-reference.com/players/e/eliaspa01.html
89,Claude Giroux,2007-24,1024,1122,338,686,44,108.0,462,2923,52,https://www.hockey-reference.com/players/g/giroucl01.html
90,Brian Bellows,1982-99,1022,1188,485,537,-120,83.1,718,3587,58,https://www.hockey-reference.com/players/b/bellobr01.html
91,Rod Gilbert,1960-78,1021,1065,406,615,38,94.9,510,3142,52,https://www.hockey-reference.com/players/g/gilbero01.html
92,Dale Hunter,1980-99,1020,1407,323,697,101,68.4,3565,2047,42,https://www.hockey-reference.com/players/h/hunteda02.html
93,Ryan Getzlaf,2005-22,1019,1157,282,737,102,106.5,960,2559,57,https://www.hockey-reference.com/players/g/getzlry01.html
94,Pat LaFontaine,1983-98,1013,865,468,545,-6,92.8,552,2664,59,https://www.hockey-reference.com/players/l/lafonpa01.html
95,Steve Larmer,1980-95,1012,1006,441,571,203,88.0,532,2807,60,https://www.hockey-reference.com/players/l/larmest01.html
96,Lanny McDonald,1973-89,1006,1111,500,506,39,84.2,899,3445,54,https://www.hockey-reference.com/players/m/mcdonla01.html
97,Brian Propp,1979-94,1004,1016,425,579,298,83.6,825,3119,59,https://www.hockey-reference.com/players/p/proppbr01.html
98,John Tavares,2009-24,998,1053,434,564,-30,114.0,449,3354,71,https://www.hockey-reference.com/players/t/tavarjo01.html
99,Jason Spezza,2002-22,995,1248,363,632,5,109.5,604,2866,55,https://www.hockey-reference.com/players/s/spezzja01.html
100,Phil Kessel,2006-23,992,1286,413,579,-155,105.0,402,3849,70,https://www.hockey-reference.com/players/k/kesseph01.html
101,Paul Kariya,1994-10,989,989,402,587,31,109.3,399,3509,53,https://www.hockey-reference.com/players/k/kariypa01.html
102,Rick Middleton,1974-88,988,1005,448,540,175,82.9,157,2272,59,https://www.hockey-reference.com/players/m/middlri01.html
103,Dave Keon,1960-82,986,1296,396,590,61,86.5,117,3946,65,https://www.hockey-reference.com/players/k/keonda01.html
104,Andy Bathgate,1952-71,973,1069,349,624,-60,91.8,624,2461,35,https://www.hockey-reference.com/players/b/bathgan01.html
105,Shane Doan,1995-17,972,1540,402,570,-54,96.3,1353,3945,69,https://www.hockey-reference.com/players/d/doansh01.html
106,Maurice Richard,1942-60,966,978,544,422,18,125.3,1287,166,84,https://www.hockey-reference.com/players/r/richama01.html
107,Henrik Zetterberg,2002-18,960,1082,337,623,160,109.3,401,3455,64,https://www.hockey-reference.com/players/z/zettehe01.html
108,Kirk Muller,1984-03,959,1349,357,602,-147,67.1,1228,2792,47,https://www.hockey-reference.com/players/m/mulleki01.html
109,Larry Robinson,1972-92,958,1384,208,750,722,169.5,793,2332,29,https://www.hockey-reference.com/players/r/robinla01.html
110,Rick Tocchet,1984-02,952,1144,440,512,84,85.8,2970,2806,50,https://www.hockey-reference.com/players/t/tocchri01.html
111,Vincent Lecavalier,1998-16,949,1212,421,528,-140,102.4,848,3468,63,https://www.hockey-reference.com/players/l/lecavvi01.html
112,Chris Chelios,1983-10,948,1651,185,763,351,168.5,2891,3627,31,https://www.hockey-reference.com/players/c/chelich01.html
113,Jason Arnott,1993-12,938,1244,417,521,81,106.6,1242,3460,64,https://www.hockey-reference.com/players/a/arnotja01.html
114,Steve Thomas,1984-04,933,1235,421,512,20,85.0,1306,3170,78,https://www.hockey-reference.com/players/t/thomast01.html
115,Brad Richards,2000-16,932,1126,298,634,-66,92.8,251,3451,41,https://www.hockey-reference.com/players/r/richabr01.html
116,Blake Wheeler,2008-24,928,1144,314,614,62,98.3,753,2911,48,https://www.hockey-reference.com/players/w/wheelbl01.html
117,Neal Broten,1980-97,923,1099,289,634,19,63.3,569,2313,34,https://www.hockey-reference.com/players/b/brotene01.html
118,Pavel Datsyuk,2001-16,918,953,314,604,249,111.2,228,2244,51,https://www.hockey-reference.com/players/d/datsypa01.html
119,Bobby Orr,1966-79,915,657,270,645,582,150.9,953,3058,26,https://www.hockey-reference.com/players/o/orrbo01.html
120,Gary Roberts,1986-09,910,1224,438,472,229,91.9,2560,2374,52,https://www.hockey-reference.com/players/r/roberga01.html
121,Scott Stevens,1982-04,908,1635,196,712,395,169.7,2785,3238,34,https://www.hockey-reference.com/players/s/stevesc01.html
122,Tony Amonte,1991-07,900,1174,416,484,96,95.3,752,3260,58,https://www.hockey-reference.com/players/a/amontto01.html
123,Ray Ferraro,1984-02,898,1258,408,490,-104,74.4,1288,2163,45,https://www.hockey-reference.com/players/f/ferrara01.html
124,Brad Park,1968-85,896,1113,213,683,363,143.5,1429,2827,28,https://www.hockey-reference.com/players/p/parkbr01.html
125,Peter Bondra,1990-07,892,1081,503,389,74,104.3,761,3531,78,https://www.hockey-reference.com/players/b/bondrpe01.html
126,Corey Perry,2005-24,892,1273,421,471,46,106.6,1392,3304,73,https://www.hockey-reference.com/players/p/perryco01.html
127,Butch Goring,1969-85,888,1107,375,513,-26,69.5,102,2275,40,https://www.hockey-reference.com/players/g/gorinbu01.html
128,Brad Marchand,2009-24,887,973,384,503,290,116.3,1004,2501,75,https://www.hockey-reference.com/players/m/marchbr03.html
129,Connor McDavid,2015-24,886,592,313,573,116,104.3,233,2013,64,https://www.hockey-reference.com/players/m/mcdavco01.html
130,Peter Forsberg,1994-11,885,708,249,636,238,98.0,690,1693,43,https://www.hockey-reference.com/players/f/forsbpe01.html
131,Owen Nolan,1990-10,885,1200,422,463,-40,91.6,1793,3128,53,https://www.hockey-reference.com/players/n/nolanow01.html
132,Bill Barber,1972-84,883,903,420,463,312,81.3,623,3246,54,https://www.hockey-reference.com/players/b/barbebi01.html
133,Jonathan Toews,2007-23,883,1067,372,511,148,103.6,607,2695,69,https://www.hockey-reference.com/players/t/toewsjo01.html
134,Zach Parise,2005-23,879,1224,429,450,83,107.7,436,3726,82,https://www.hockey-reference.com/players/p/parisza01.html
135,Dennis Maruk,1975-89,878,888,356,522,-78,66.3,761,2229,26,https://www.hockey-reference.com/players/m/marukde01.html
136,Ilya Kovalchuk,2001-20,876,926,443,433,-146,103.4,544,3223,64,https://www.hockey-reference.com/players/k/kovalil01.html
137,Markus Näslund,1993-09,869,1117,395,474,6,95.5,736,3046,53,https://www.hockey-reference.com/players/n/nasluma02.html
138,Cliff Ronning,1986-04,869,1137,306,563,46,78.1,453,2804,34,https://www.hockey-reference.com/players/r/ronnicl01.html
139,Trevor Linden,1988-08,867,1382,375,492,-64,73.3,895,2704,41,https://www.hockey-reference.com/players/l/lindetr01.html
140,Jamie Benn,2009-24,866,1056,367,499,73,103.1,785,2783,55,https://www.hockey-reference.com/players/b/bennja01.html
141,Ivan Boldirev,1970-85,866,1052,361,505,-197,62.7,507,2515,42,https://www.hockey-reference.com/players/b/boldiiv01.html
142,Eric Lindros,1992-07,865,760,372,493,215,101.6,1398,2312,46,https://www.hockey-reference.com/players/l/lindrer01.html
143,Yvan Cournoyer,1963-79,863,968,428,435,254,91.3,233,2427,68,https://www.hockey-reference.com/players/c/cournyv01.html
144,Alex Tanguay,1999-16,863,1088,283,580,163,95.2,527,1525,43,https://www.hockey-reference.com/players/t/tangual01.html
145,Dean Prentice,1952-74,860,1378,391,469,-82,72.2,487,2577,47,https://www.hockey-reference.com/players/p/prentde01.html
146,Bill Guerin,1991-10,856,1263,429,427,51,94.3,1660,3693,77,https://www.hockey-reference.com/players/g/gueribi01.html
147,Tomas Sandström,1984-99,856,983,394,462,8,71.4,1193,2740,44,https://www.hockey-reference.com/players/s/sandsto01.html
148,Vyacheslav Kozlov,1991-10,853,1182,356,497,96,88.4,704,2843,56,https://www.hockey-reference.com/players/k/kozlovy01.html
149,Brent Burns,2003-24,851,1360,250,601,-7,144.1,813,3755,42,https://www.hockey-reference.com/players/b/burnsbr01.html
150,Ted Lindsay,1944-65,851,1068,379,472,9,100.2,1808,209,58,https://www.hockey-reference.com/players/l/lindste01.html
151,Gary Suter,1985-02,844,1145,203,641,126,121.6,1349,3091,18,https://www.hockey-reference.com/players/s/suterga01.html
152,Tom Lysiak,1973-86,843,919,292,551,-11,61.5,567,2210,41,https://www.hockey-reference.com/players/l/lysiato01.html
153,John MacLean,1983-02,842,1194,413,429,43,74.3,1328,3324,63,https://www.hockey-reference.com/players/m/maclejo01.html
154,Ryan Smyth,1994-14,842,1270,386,456,-54,88.0,976,3433,56,https://www.hockey-reference.com/players/s/smythry01.html
155,Scott Mellanby,1985-07,840,1431,364,476,-37,71.4,2479,2960,56,https://www.hockey-reference.com/players/m/mellasc01.html
156,Jeff Carter,2005-24,838,1269,432,406,15,100.4,629,3897,89,https://www.hockey-reference.com/players/c/carteje01.html
157,John Tonelli,1978-92,836,1028,325,511,221,58.8,911,1854,47,https://www.hockey-reference.com/players/t/toneljo01.html
158,Jacques Lemaire,1967-79,835,853,366,469,344,86.6,217,3052,58,https://www.hockey-reference.com/players/l/lemaija01.html
159,Saku Koivu,1995-14,832,1124,255,577,10,79.6,809,2024,46,https://www.hockey-reference.com/players/k/koivusa01.html
160,Brent Sutter,1980-98,829,1111,363,466,166,64.7,1054,2396,47,https://www.hockey-reference.com/players/s/suttebr02.html
161,John Ogrodnick,1979-93,827,928,402,425,-63,64.3,260,2815,45,https://www.hockey-reference.com/players/o/ogrodjo01.html
162,Doug Wilson,1977-93,827,1024,237,590,55,110.5,830,3297,22,https://www.hockey-reference.com/players/w/wilsodo01.html
163,Red Kelly,1947-67,823,1316,281,542,50,146.3,327,1387,41,https://www.hockey-reference.com/players/k/kellyre01.html
164,Bernie Geoffrion,1950-68,822,883,393,429,39,97.5,683,1404,75,https://www.hockey-reference.com/players/g/geoffbe01.html
165,Pierre Larouche,1974-88,822,812,395,427,-29,68.3,237,2298,36,https://www.hockey-reference.com/players/l/laroupi01.html
166,Paul Stastny,2006-23,822,1145,293,529,54,84.7,500,2326,55,https://www.hockey-reference.com/players/s/stastpa01.html
167,John LeClair,1990-07,819,967,406,413,204,98.7,501,2611,65,https://www.hockey-reference.com/players/l/leclajo01.html
168,Stéphane Richer,1984-02,819,1054,421,398,76,77.6,614,2849,72,https://www.hockey-reference.com/players/r/richest02.html
169,Steve Shutt,1972-85,817,930,424,393,394,79.6,410,2403,50,https://www.hockey-reference.com/players/s/shuttst01.html
170,Thomas Steen,1981-95,817,950,264,553,-69,53.5,753,2036,29,https://www.hockey-reference.com/players/s/steenth01.html
171,Marián Gáborík,2000-18,815,1035,407,408,95,108.1,492,3207,71,https://www.hockey-reference.com/players/g/gaborma01.html
172,Wilf Paiement,1974-88,814,946,356,458,-142,59.5,1759,2719,29,https://www.hockey-reference.com/players/p/paiemwi01.html
173,Peter McNab,1973-87,813,955,363,450,128,65.3,179,1959,47,https://www.hockey-reference.com/players/m/mcnabpe01.html
174,Sergei Gonchar,1994-15,811,1301,220,591,33,141.9,981,2866,35,https://www.hockey-reference.com/players/g/gonchse01.html
175,Pit Martin,1961-79,809,1101,324,485,104,69.9,609,2205,40,https://www.hockey-reference.com/players/m/martipi01.html
176,Ken Linseman,1978-92,807,860,256,551,221,58.2,1725,1635,29,https://www.hockey-reference.com/players/l/linseke01.html
177,Jakub Voráček,2008-23,806,1058,223,583,-36,76.4,525,2517,31,https://www.hockey-reference.com/players/v/voracja01.html
178,Milan Hejduk,1998-13,805,1020,375,430,101,95.0,316,2667,59,https://www.hockey-reference.com/players/h/hejdumi01.html
179,Rick Nash,2002-18,805,1060,437,368,-11,102.6,750,3624,73,https://www.hockey-reference.com/players/n/nashri01.html
180,Garry Unger,1967-83,804,1105,413,391,-131,67.8,1075,3429,54,https://www.hockey-reference.com/players/u/ungerga01.html
181,Ken Hodge,1964-78,800,880,328,472,260,75.8,777,2128,57,https://www.hockey-reference.com/players/h/hodgeke01.html
182,Geoff Courtnall,1983-00,799,1048,367,432,118,70.6,1463,3087,55,https://www.hockey-reference.com/players/c/courtge01.html
183,Justin Williams,2000-20,797,1264,320,477,110,89.0,766,3308,44,https://www.hockey-reference.com/players/w/williju01.html
184,Nathan MacKinnon,2013-24,796,736,295,501,119,91.2,328,2892,56,https://www.hockey-reference.com/players/m/mackina01.html
185,Eddie Olczyk,1984-00,794,1031,342,452,-65,60.5,874,2576,36,https://www.hockey-reference.com/players/o/olczyed01.html
186,Wayne Cashman,1964-83,793,1027,277,516,278,62.0,1039,1747,37,https://www.hockey-reference.com/players/c/cashmwa01.html
187,Mike Ribeiro,1999-17,793,1074,228,565,5,79.0,577,1581,32,https://www.hockey-reference.com/players/r/ribeimi01.html
188,Dany Heatley,2001-15,791,869,372,419,38,95.2,620,2565,64,https://www.hockey-reference.com/players/h/heatlda01.html
189,Thomas Vanek,2005-19,789,1029,373,416,5,95.9,547,2609,56,https://www.hockey-reference.com/players/v/vanekth01.html
190,Rick Vaive,1979-92,788,876,441,347,-79,65.4,1445,2603,52,https://www.hockey-reference.com/players/v/vaiveri01.html
191,Börje Salming,1973-90,787,1148,150,637,170,112.8,1344,2539,13,https://www.hockey-reference.com/players/s/salmibo01.html
192,David Krejčí,2006-23,786,1032,231,555,166,84.0,359,1848,43,https://www.hockey-reference.com/players/k/krejcda01.html
193,Claude Lemieux,1983-09,786,1215,379,407,14,67.0,1777,3650,58,https://www.hockey-reference.com/players/l/lemiecl01.html
194,Alexei Yashin,1993-07,781,850,337,444,-83,84.2,401,2828,49,https://www.hockey-reference.com/players/y/yashial01.html
195,Erik Karlsson,2009-24,780,946,184,596,-91,117.6,438,2632,34,https://www.hockey-reference.com/players/k/karlser01.html
196,Pavel Bure,1991-03,779,702,437,342,42,93.1,484,3130,59,https://www.hockey-reference.com/players/b/burepa01.html
197,Rob Blake,1989-10,777,1270,240,537,-4,127.5,1679,3896,41,https://www.hockey-reference.com/players/b/blakero01.html
198,Leon Draisaitl,2014-24,776,663,317,459,25,89.0,254,1763,55,https://www.hockey-reference.com/players/d/draisle01.html
199,Nikita Kucherov,2013-24,776,672,295,481,126,93.1,327,2047,46,https://www.hockey-reference.com/players/k/kucheni01.html
200,Jean Pronovost,1968-82,774,998,391,383,49,70.1,413,2784,57,https://www.hockey-reference.com/players/p/pronoje01.html
201,Dave Christian,1979-94,773,1009,340,433,-64,54.4,284,2167,35,https://www.hockey-reference.com/players/c/chrisda01.html
202,Pete Mahovlich,1965-81,773,883,288,485,234,68.9,916,2089,38,https://www.hockey-reference.com/players/m/mahovpe01.html
203,Sergei Zubov,1992-09,771,1068,152,619,148,136.8,337,2266,22,https://www.hockey-reference.com/players/z/zubovse01.html
204,Todd Bertuzzi,1995-14,770,1159,314,456,-44,77.4,1478,2411,41,https://www.hockey-reference.com/players/b/bertuto01.html
205,Pavol Demitra,1993-10,768,847,304,464,124,90.0,284,2160,59,https://www.hockey-reference.com/players/d/demitpa01.html
206,Rick Kehoe,1971-85,767,906,371,396,-76,61.7,120,2631,34,https://www.hockey-reference.com/players/k/kehoeri01.html
207,Vinny Prospal,1996-13,765,1108,255,510,-57,74.5,581,2417,34,https://www.hockey-reference.com/players/p/prospva01.html
208,Matt Duchene,2009-24,764,1001,322,442,-88,79.9,272,2454,45,https://www.hockey-reference.com/players/d/duchema01.html
209,Brian Rolston,1994-12,761,1256,342,419,65,80.4,472,3836,72,https://www.hockey-reference.com/players/r/rolstbr01.html
210,Kevin Dineen,1984-03,760,1188,355,405,-24,61.1,2229,2769,56,https://www.hockey-reference.com/players/d/dineeke01.html
211,Murray Craven,1982-00,759,1071,266,493,125,55.8,524,1909,42,https://www.hockey-reference.com/players/c/cravemu01.html
212,Rick MacLeish,1970-84,759,846,349,410,154,66.5,434,2605,51,https://www.hockey-reference.com/players/m/macleri01.html
213,Mike Ridley,1985-97,758,866,292,466,36,60.6,424,1513,46,https://www.hockey-reference.com/players/r/ridlemi01.html
214,Scott Young,1987-06,757,1181,342,415,-40,68.3,448,3501,50,https://www.hockey-reference.com/players/y/youngsc01.html
215,Scott Gomez,1999-16,756,1079,181,575,-1,69.2,655,2514,33,https://www.hockey-reference.com/players/g/gomezsc01.html
216,Tyler Seguin,2010-24,754,927,335,419,67,91.4,283,3068,58,https://www.hockey-reference.com/players/s/seguity01.html
217,Steve Duchesne,1986-02,752,1113,227,525,89,112.7,824,2542,30,https://www.hockey-reference.com/players/d/duchest01.html
218,Craig Janney,1987-99,751,760,188,563,-13,58.4,170,1057,32,https://www.hockey-reference.com/players/j/jannecr01.html
219,Olli Jokinen,1997-15,750,1231,321,429,-132,71.7,1071,3343,54,https://www.hockey-reference.com/players/j/jokinol01.html
220,Bobby Holík,1990-09,747,1314,326,421,115,72.1,1423,3345,58,https://www.hockey-reference.com/players/h/holikbo01.html
221,Steve Sullivan,1995-13,747,1011,290,457,93,81.3,587,2129,52,https://www.hockey-reference.com/players/s/sullist01.html
222,Russ Courtnall,1983-99,744,1029,297,447,-3,57.2,557,2791,40,https://www.hockey-reference.com/players/c/courtru01.html
223,Greg Adams,1984-01,743,1056,355,388,-48,62.5,321,2325,31,https://www.hockey-reference.com/players/a/adamsgr02.html
224,Mathieu Schneider,1987-10,743,1289,223,520,66,132.8,1245,3092,36,https://www.hockey-reference.com/players/s/schnema01.html
225,Mark Howe,1979-95,742,929,197,545,400,111.9,455,2132,23,https://www.hockey-reference.com/players/h/howema02.html
226,Scott Niedermayer,1991-10,740,1263,172,568,167,141.0,784,2436,39,https://www.hockey-reference.com/players/n/niedesc01.html
227,Miroslav Šatan,1995-10,735,1050,363,372,20,82.3,464,2582,50,https://www.hockey-reference.com/players/s/satanmi01.html
228,David Perron,2007-24,734,1081,300,434,12,79.8,803,2312,43,https://www.hockey-reference.com/players/p/perroda01.html
229,Andrew Brunette,1995-12,733,1110,268,465,-78,73.4,314,1516,32,https://www.hockey-reference.com/players/b/brunean01.html
230,Andrew Cassels,1989-06,732,1015,204,528,-73,57.9,410,1515,28,https://www.hockey-reference.com/players/c/cassean01.html
231,Matt Cullen,1997-19,731,1516,266,465,-24,66.0,592,2774,37,https://www.hockey-reference.com/players/c/cullema01.html
232,Bobby Carpenter,1981-99,728,1178,320,408,-82,46.1,919,2647,40,https://www.hockey-reference.com/players/c/carpebo01.html
233,Murray Oliver,1957-75,728,1127,274,454,-169,54.2,315,2907,34,https://www.hockey-reference.com/players/o/olivemu01.html
234,Mike Foligno,1979-94,727,1018,355,372,98,56.2,2047,2124,50,https://www.hockey-reference.com/players/f/foligmi01.html
235,Jason Pominville,2003-19,727,1060,293,434,44,79.5,199,2773,38,https://www.hockey-reference.com/players/p/pominja01.html
236,Cory Stillman,1994-11,727,1025,278,449,-20,73.7,489,2097,47,https://www.hockey-reference.com/players/s/stillco01.html
237,Bob Nevin,1957-76,726,1128,307,419,125,62.0,215,2428,48,https://www.hockey-reference.com/players/n/nevinbo01.html
238,Kevin Stevens,1987-02,726,874,329,397,-103,60.5,1470,2331,35,https://www.hockey-reference.com/players/s/steveke01.html
239,Ryan O'Reilly,2009-24,724,1018,268,456,-6,71.5,158,2276,37,https://www.hockey-reference.com/players/o/oreilry01.html
240,Dave Babych,1980-99,723,1195,142,581,-216,86.6,970,2791,20,https://www.hockey-reference.com/players/b/babycda01.html
241,Petr Sýkora,1995-12,721,1017,323,398,58,82.9,455,2747,58,https://www.hockey-reference.com/players/s/sykorpe01.html
242,Dave Gagner,1984-99,719,946,318,401,-65,60.9,1018,2358,36,https://www.hockey-reference.com/players/g/gagneda01.html
243,Alexei Zhamnov,1992-06,719,807,249,470,10,68.0,668,2078,34,https://www.hockey-reference.com/players/z/zhamnal01.html
244,Petr Nedvěd,1990-07,717,982,310,407,-21,65.1,708,2207,39,https://www.hockey-reference.com/players/n/nedvepe01.html
245,Martin Straka,1992-08,717,954,257,460,67,67.3,360,1713,40,https://www.hockey-reference.com/players/s/strakma01.html
246,George Armstrong,1949-71,713,1188,296,417,101,66.0,726,1748,43,https://www.hockey-reference.com/players/a/armstge01.html
247,Ziggy Pálffy,1993-06,713,684,329,384,83,88.0,322,2136,45,https://www.hockey-reference.com/players/p/palffzi01.html
248,Dustin Brown,2003-22,712,1296,325,387,-36,72.8,738,3360,42,https://www.hockey-reference.com/players/b/browndu01.html
249,Vic Hadfield,1961-77,712,1004,323,389,22,61.4,1159,2874,45,https://www.hockey-reference.com/players/h/hadfivi01.html
250,Mikko Koivu,2005-21,711,1035,206,505,68,70.3,594,2273,33,https://www.hockey-reference.com/players/k/koivumi01.html
251,Charlie Simmer,1974-88,711,712,342,369,115,60.5,544,1531,42,https://www.hockey-reference.com/players/s/simmech01.html
